question 1 in English,"same question 1, but translated to Ukrainian",question 2 in English,"same question 2, but translated to Ukrainian"
What's a movie you rewatch often?,Який фільм ти часто передивляєшся?,What's a movie you could never watch again?,Який фільм ти ніколи б не подивився ще раз?
Favorite snack during a movie?,Улюблена закуска під час фільму?,A snack you hate during movies?,"Закуска, яку ти ненавидиш під час фільму?"
A dream travel destination?,Країна твоєї мрії для подорожі?,A country you'd avoid visiting?,"Країна, якої ти уникав би?"
What time would you wake up ideally?,О котрій ти б прокидався у ідеалі?,What time do you dread waking up?,О котрій ти ненавидиш прокидатися?
Your go-to comfort food?,Твоя улюблена їжа для втіхи?,Food you’d never eat again?,"Їжа, яку ти ніколи б не їв знову?"
A hobby you enjoy alone?,"Хобі, яким ти займаєшся наодинці?",A hobby you only enjoy with others?,"Хобі, яким ти займаєшся лише з іншими?"
A song that lifts your mood?,"Пісня, яка піднімає настрій?",A song that makes you cry?,"Пісня, від якої ти плачеш?"
Best gift you've ever received?,"Найкращий подарунок, який ти отримував?",Worst gift you’ve ever received?,"Найгірший подарунок, який ти отримував?"
A game you love playing?,"Гра, яку ти любиш грати?",A game you never understood?,"Гра, яку ти ніколи не розумів?"
A smell you love?,"Запах, який тобі подобається?",A smell you can’t stand?,"Запах, який ти ненавидиш?"
A name you like for a pet?,"Ім'я, яке тобі подобається для тварини?",A name you'd never use for a pet?,"Ім'я, яке ти ніколи не дав би тварині?"
What animal would you be?,Якою твариною ти хотів би бути?,What animal do you fear?,Якої тварини ти боїшся?
A color you wear often?,Який колір ти часто носиш?,A color you avoid wearing?,Якого кольору ти уникаєш у одязі?
A number you like?,"Цифра, яка тобі подобається?",A number that feels unlucky?,"Цифра, яка здається нещасливою?"
Your favorite day of the week?,Твій улюблений день тижня?,Your least favorite day of the week?,Твій найменш улюблений день тижня?
What’s a childhood toy you loved?,Улюблена іграшка з дитинства?,A toy you never liked?,"Іграшка, яка тобі не подобалась?"
A drink you always enjoy?,"Напій, який тобі завжди подобається?",A drink you refuse to try again?,"Напій, який ти більше не питимеш?"
What season suits you best?,Яка пора року тобі найбільше підходить?,What season do you dislike?,Яку пору року ти не любиш?
A dish you cook well?,Яку страву ти добре готуєш?,A dish you fail at cooking?,"Страва, яку ти не вмієш готувати?"
Your favorite item of clothing?,Улюблений предмет одягу?,Clothing item you avoid?,"Предмет одягу, який ти уникаєш?"
A sound you find calming?,"Звук, який тебе заспокоює?",A sound you can't tolerate?,"Звук, який тебе дратує?"
What book could you reread forever?,Яку книгу ти можеш читати знову й знову?,What book bored you most?,Яка книга тебе найбільше нудила?
A word you love saying?,"Слово, яке тобі подобається вимовляти?",A word that annoys you?,"Слово, яке тебе дратує?"
Favorite smell in nature?,Улюблений природний запах?,Least favorite natural smell?,Найнеприємніший запах природи?
What superpower would you want?,Яку надздібність ти б хотів мати?,What superpower would scare you?,Яка надздібність тебе б лякала?
Your favorite fictional character?,Твій улюблений вигаданий персонаж?,A fictional character you dislike?,"Вигаданий персонаж, який тобі не подобається?"
A language you wish to learn?,"Мова, яку ти хочеш вивчити?",A language that seems too hard?,"Мова, яка здається занадто складною?"
What’s your lucky number?,Яке твоє щасливе число?,What number do you avoid?,Якого числа ти уникаєш?
A job you'd love to try?,"Професія, яку ти хотів би спробувати?",A job you'd never want?,"Професія, яку ти ніколи не хотів би мати?"
A dessert you always say yes to?,"Десерт, на який ти завжди погоджуєшся?",A dessert you often skip?,"Десерт, який ти часто пропускаєш?"
Favorite superhero?,Улюблений супергерой?,Best person in your life?,Найкраща людина у твоєму житті?
Ideal age to lose virginity?,Ідеальний вік для втрати цноти?,Perfect number of people at a party?,Ідеальна кількість людей на вечірці?
A guilty pleasure TV show?,"ТБ-шоу, за яке тобі трохи соромно?",A show you'd never admit liking?,"Шоу, яке ти ніколи не визнаєш, що любиш?"
The first thing you'd buy if rich?,"Перше, що ти б купив, якби був багатий?",Something expensive you’d never buy?,"Щось дороге, що ти ніколи б не купив?"
Best excuse to cancel plans?,"Найкраще виправдання, щоб скасувати плани?",Worst excuse you've used?,"Найгірше виправдання, яке ти використовував?"
Most overused emoji?,Найчастіше вживаний емодзі?,Emoji you hate the most?,"Емодзі, який ти найбільше ненавидиш?"
Best way to spend a lazy day?,Найкращий спосіб провести лінивий день?,Worst way to be forced to spend a day?,"Найгірший спосіб, як тебе змушували проводити день?"
Something you’d scream on a rollercoaster?,Що б ти закричав на американських гірках?,Something you'd whisper in an elevator?,Що б ти прошепотів у ліфті?
Best outfit for a first date?,Найкраще вбрання для першого побачення?,Outfit that would ruin a date?,"Вбрання, яке зіпсує побачення?"
Weirdest thing you'd name a pet?,Найдивніше ім’я для домашнього улюбленця?,Cutest name you'd give a car?,Наймиліше ім’я для машини?
Best place to hide during a zombie attack?,"Найкраще місце, щоб сховатись під час зомбі-атаки?",Worst place to go on a first date?,Найгірше місце для першого побачення?
One item you’d grab in a fire?,"Одна річ, яку ти б схопив під час пожежі?",One thing you'd throw into a volcano?,"Одна річ, яку ти б кинув у вулкан?"
The funniest insult you can think of?,"Найсмішніша образа, яку ти можеш придумати?",The nicest insult you've received?,"Найприємніша образа, яку ти коли-небудь чув?"
Your favorite lie to tell?,"Улюблена брехня, яку ти розповідав?",A truth you always avoid?,"Правда, яку ти завжди уникаєш?"
Best thing to shout in public?,"Найкраще, що можна вигукнути на людях?",Worst thing to whisper in church?,"Найгірше, що можна прошепотіти в церкві?"
What would you name your autobiography?,Як би ти назвав свою автобіографію?,What would you title your villain origin story?,Як би ти назвав історію свого перетворення на лиходія?
What would you tattoo on your forehead?,Що б ти набив собі на лобі?,What should be banned from tattoos?,Що слід заборонити набивати у вигляді татуювання?
Best dance move you can do?,Твій найкращий танцювальний рух?,Dance move that should be illegal?,"Танцювальний рух, який слід заборонити?"
What do you sing in the shower?,Що ти співаєш у душі?,What would be awkward to sing in public?,Що було б незручно співати на людях?
Food you secretly love cold?,Яку їжу ти потай любиш холодною?,Food you only eat when nobody’s watching?,"Їжа, яку ти їси тільки коли ніхто не бачить?"
A made-up word you like?,"Вигадане слово, яке тобі подобається?",A real word you think sounds fake?,"Реальне слово, яке звучить несправжньо?"
Best reason to skip work?,Найкраща причина пропустити роботу?,Worst reason you’ve used to skip work?,"Найгірша причина, якою ти прикривав прогули?"
Your favorite ridiculous conspiracy?,Твоя улюблена смішна теорія змови?,A conspiracy you'd start?,"Теорія змови, яку ти сам би вигадав?"
Weirdest dream you remember?,"Найдивніший сон, який ти пам’ятаєш?",Dream you hope never comes true?,"Сон, який ти сподіваєшся, ніколи не здійсниться?"
A word that always makes you laugh?,"Слово, яке завжди змушує тебе сміятись?",A word that always sounds creepy?,"Слово, яке завжди звучить моторошно?"
Best made-up holiday?,Найкраще вигадане свято?,Holiday you secretly dislike?,"Свято, яке тобі таємно не подобається?"
Most random thing in your pocket?,Найвипадковіша річ у твоїй кишені?,Thing you wish was in your pocket?,"Річ, яку ти хотів би мати в кишені?"
Best prank you've pulled?,"Найкращий розіграш, який ти коли-небудь робив?",Worst prank someone pulled on you?,"Найгірший розіграш, який зробили з тобою?"
What's your dream pet?,Яка твоя улюблена тварина-мрія?,What's a pet you'd never own?,Яку тварину ти ніколи б не завів?
Best age to get married?,Який найкращий вік для одруження?,Worst age to get married?,Який найгірший вік для одруження?
Favorite smell?,Улюблений запах?,A smell you can't stand?,"Запах, який тебе дратує?"
Most hated chore?,Найбільш ненависне хатнє діло?,Chore you secretly enjoy?,Яке хатнє діло тобі таємно подобається?
Number of kids you'd want?,Скільки дітей ти хотів би мати?,Ideal number of siblings?,Ідеальна кількість братів і сестер?
Favorite drink on a hot day?,Улюблений напій у спеку?,Worst drink on a hot day?,Найгірший напій у спеку?
Your favorite superhero?,Твій улюблений супергерой?,Best real person you know?,"Найкраща реальна людина, яку ти знаєш?"
Song you'd play at a funeral?,"Пісня, яку ти б поставив на похороні?",Song you'd play at a wedding?,"Пісня, яку ти б поставив на весіллі?"
Funniest word you know?,"Найсмішніше слово, яке ти знаєш?",Most boring word you know?,"Найнудніше слово, яке ти знаєш?"
Your go-to dance move?,Твій улюблений танцювальний рух?,Dance move you'd never try?,"Танцювальний рух, який ти ніколи не спробуєш?"
Ideal age to retire?,Ідеальний вік для виходу на пенсію?,Age you'd hate to retire?,"Вік, у якому ти не хотів би вийти на пенсію?"
Best thing to put on toast?,"Найкраще, що можна покласти на тост?",Worst thing to put on toast?,"Найгірше, що можна покласти на тост?"
A food you always crave?,"Їжа, яку ти завжди прагнеш?",A food you'd never eat?,"Їжа, яку ти ніколи не з'їв би?"
Dream vacation destination?,Місце мрії для відпочинку?,Worst place to vacation?,Найгірше місце для відпочинку?
Favorite number?,Улюблене число?,Unluckiest number?,Найнещасливіше число?
A job you'd love?,"Робота, яку ти любив би?",Job you'd hate to do?,"Робота, яку ти ненавидів би?"
Something that always makes you laugh?,"Щось, що завжди тебе смішить?",Something that always makes you cry?,"Щось, що завжди тебе засмучує?"
Your favorite snack?,Твоя улюблена закуска?,A snack you think is overrated?,"Закуска, яку ти вважаєш переоціненою?"
Age you wish you were?,"Вік, у якому ти хотів би бути?",Age you never want to be again?,"Вік, у який ти не хочеш повертатись?"
Most used app on your phone?,Найбільш використовуваний додаток на телефоні?,App you wish didn't exist?,"Додаток, якого ти бажаєш, щоб не існувало?"
Your go-to karaoke song?,Твоя улюблена пісня для караоке?,Song you'd never sing?,"Пісня, яку ти ніколи не заспіваєш?"
Number of countries you'd like to visit?,Скільки країн ти хочеш відвідати?,Number of countries you've visited?,Скільки країн ти вже відвідав?
A hobby you wish you had?,"Хобі, яке ти хотів би мати?",A hobby you’ll never try?,"Хобі, яке ти ніколи не спробуєш?"
Best way to wake up?,Найкращий спосіб прокинутись?,Worst way to wake up?,Найгірший спосіб прокинутись?
A name you love?,"Ім’я, яке тобі подобається?",A name you'd never give?,"Ім’я, яке ти ніколи не дав би?"
Favorite pizza topping?,Улюблена начинка для піци?,Worst pizza topping?,Найгірша начинка для піци?
Your dream car?,Автомобіль твоєї мрії?,A car you'd never drive?,"Автомобіль, на якому ти ніколи б не їздив?"
Best movie of all time?,Найкращий фільм усіх часів?,Worst movie you've ever seen?,"Найгірший фільм, який ти бачив?"
Number of hours of sleep you need?,Скільки годин сну тобі потрібно?,Number of hours you usually get?,Скільки годин ти зазвичай спиш?
Your comfort food?,Твоя їжа-комфорт?,Food that stresses you out?,"Їжа, що тебе напружує?"
A place that calms you?,"Місце, яке тебе заспокоює?",A place that stresses you?,"Місце, яке тебе напружує?"
Your guilty pleasure TV show?,Твій винний телесеріал?,TV show you hate but watched?,"Серіал, який ти ненавидиш, але дивився?"
Ideal number of people at a party?,Ідеальна кількість людей на вечірці?,Worst party size?,Найгірша кількість людей на вечірці?
Number of books read last year?,Скільки книжок ти прочитав минулого року?,Number of books you started but didn’t finish?,"Скільки книжок ти почав, але не закінчив?"
Favorite season?,Улюблена пора року?,Worst time of year?,Найгірша пора року?
A movie you'd watch on repeat?,"Фільм, який ти готовий дивитись знову і знову?",A movie you'd never rewatch?,"Фільм, який ти ніколи не передивишся?"
Best time to wake up?,Найкращий час для пробудження?,Worst time to be woken up?,Найгірший час для пробудження?
A fear you’ve overcome?,"Страх, який ти подолав?",A fear you still have?,"Страх, який у тебе ще є?"
Favorite thing to do alone?,Улюблене заняття наодинці?,Thing you hate doing alone?,Що ти ненавидиш робити наодинці?
A word you overuse?,"Слово, яке ти надто часто вживаєш?",A word you hate hearing?,"Слово, яке тебе дратує чути?"
Age you want to live to?,До якого віку ти хочеш дожити?,Age you think is too old?,"Вік, який вважаєш занадто старим?"
Your secret talent?,Твій таємний талант?,Talent you wish you had?,"Талант, який хотів би мати?"
A lie you often tell?,"Брехня, яку ти часто говориш?",A truth you often avoid?,"Правда, яку ти уникаєш казати?"
Most loved gift received?,"Найкращий подарунок, який ти отримав?",Worst gift you've received?,"Найгірший подарунок, який ти отримав?"
Best advice you've received?,"Найкраща порада, яку тобі дали?",Worst advice you've received?,"Найгірша порада, яку ти отримав?"
Your favorite emoji?,Твій улюблений емодзі?,An emoji you never use?,"Емодзі, яким ти ніколи не користуєшся?"
Best reason to cancel plans?,Найкраща причина скасувати плани?,Worst excuse you've used?,"Найгірше виправдання, яке ти використав?"
"What is your favorite comfort food?","Яка ваша улюблена їжа для комфорту?","What food do you avoid at all costs?","Яку їжу ви уникаєте будь-якою ціною?"
"Name a movie you could watch forever.","Назвіть фільм, який ви могли б дивитися вічно.","Name a movie you regret watching.","Назвіть фільм, про який шкодуєте, що подивилися."
"Who is your favorite fictional hero?","Хто ваш улюблений вигаданий герой?","Who is the most annoying fictional character?","Хто найдратівливіший вигаданий персонаж?"
"What is your favorite color to wear?","Який ваш улюблений колір одягу?","What color do you never wear?","Який колір ви ніколи не носите?"
"How many pets would you ideally have?","Скільки домашніх тварин ви хотіли б мати?","How many pets would you never want?","Скільки домашніх тварин ви ніколи не хотіли б мати?"
"Name a place you want to visit again.","Назвіть місце, яке хочете відвідати знову.","Name a place you want to avoid forever.","Назвіть місце, яке хочете уникати назавжди."
"What is your favorite hobby?","Яке ваше улюблене хобі?","What is a hobby you find boring?","Яке хобі ви вважаєте нудним?"
"How many hours do you sleep on average?","Скільки годин ви спите в середньому?","How many hours can you go without sleep?","Скільки годин ви можете не спати?"
"Name a song that makes you cry.","Назвіть пісню, яка змушує вас плакати.","Name a song that makes you dance.","Назвіть пісню, під яку хочеться танцювати."
"What is your ideal vacation length in days?","Яка ідеальна тривалість відпустки в днях?","What is the shortest vacation you would accept?","Яка найкоротша відпустка, яку ви б прийняли?"
"Who is your favorite comedian?","Хто ваш улюблений комік?","Who is the funniest person you know?","Хто найсмішніша людина, яку ви знаєте?"
"What is your favorite season of the year?","Яка ваша улюблена пора року?","What season do you dislike the most?","Яку пору року ви найбільше не любите?"
"Name a book you recommend to everyone.","Назвіть книгу, яку рекомендуєте всім.","Name a book you regret reading.","Назвіть книгу, про яку шкодуєте, що читали."
"What is your favorite ice cream flavor?","Який ваш улюблений смак морозива?","What ice cream flavor would you never try?","Який смак морозива ви ніколи не спробуєте?"
"How many languages can you speak?","Скільки мов ви можете говорити?","How many languages would you like to learn?","Скільки мов ви хотіли б вивчити?"
"Name a celebrity you admire.","Назвіть знаменитість, якою ви захоплюєтесь.","Name a celebrity you dislike.","Назвіть знаменитість, яку ви не любите."
"What is your favorite type of exercise?","Який ваш улюблений тип вправ?","What exercise do you hate the most?","Які вправи ви ненавидите найбільше?"
"How many cups of coffee do you drink daily?","Скільки чашок кави ви п’єте щодня?","How many cups of tea do you drink daily?","Скільки чашок чаю ви п’єте щодня?"
"What is your dream job?","Яка ваша робота мрії?","What job would you never do?","Яку роботу ви ніколи не зробите?"
"Name a city you would live in forever.","Назвіть місто, в якому ви б жили вічно.","Name a city you would never visit.","Назвіть місто, яке ви ніколи не відвідаєте."
"What is your favorite way to relax?","Який ваш улюблений спосіб розслабитися?","What stresses you out the most?","Що найбільше вас стресує?"
"How many siblings do you have?","Скільки у вас братів і сестер?","How many siblings would you want?","Скільки братів і сестер ви хотіли б мати?"
"Name a pet you would love to have.","Назвіть домашню тварину, яку хотіли б мати.","Name a pet you fear the most.","Назвіть домашню тварину, якої ви найбільше боїтеся."
"What is your favorite type of music?","Який ваш улюблений тип музики?","What type of music do you dislike?","Який тип музики вам не подобається?"
"How many best friends do you have?","Скільки у вас найкращих друзів?","How many best friends would you want?","Скільки найкращих друзів ви хотіли б мати?"
"Name a sport you enjoy watching.","Назвіть спорт, який вам подобається дивитися.","Name a sport you dislike watching.","Назвіть спорт, який вам не подобається дивитися."
"What is your favorite dessert?","Який ваш улюблений десерт?","What dessert do you avoid?","Який десерт ви уникаєте?"
"How many countries have you visited?","Скільки країн ви відвідали?","How many countries would you like to visit?","Скільки країн ви хотіли б відвідати?"
"Name a skill you want to learn.","Назвіть навичку, яку хочете опанувати.","Name a skill you find useless.","Назвіть навичку, яку вважаєте марною."
"What is your favorite holiday?","Яке ваше улюблене свято?","What holiday do you dislike?","Яке свято вам не подобається?"
"How many hours a day do you use your phone?","Скільки годин на день ви користуєтесь телефоном?","How many hours a day would you like to use it?","Скільки годин на день ви хотіли б користуватися телефоном?"
"Name a TV show you binge-watch.","Назвіть серіал, який ви дивитесь запоєм.","Name a TV show you stopped watching.","Назвіть серіал, який ви перестали дивитися."
"What is your favorite animal?","Яка ваша улюблена тварина?","What animal scares you?","Яка тварина вас лякає?"
"How many cups of water do you drink daily?","Скільки чашок води ви п’єте щодня?","How many cups of soda do you drink daily?","Скільки чашок содової ви п’єте щодня?"
"Name a place where you feel most at peace.","Назвіть місце, де ви почуваєтесь найбільш спокійно.","Name a place where you feel most anxious.","Назвіть місце, де ви почуваєтесь найбільш тривожно."
"What is your favorite type of weather?","Яка ваша улюблена погода?","What weather do you dislike the most?","Яку погоду ви найбільше не любите?"
"How many hours a week do you exercise?","Скільки годин на тиждень ви займаєтесь спортом?","How many hours a week would you like to exercise?","Скільки годин на тиждень ви хотіли б займатись спортом?"
"Name a guilty pleasure TV show.","Назвіть телешоу, яке ви дивитесь з почуттям провини.","Name a TV show you are proud to watch.","Назвіть телешоу, яке ви дивитесь з гордістю."
"What is your favorite type of pizza topping?","Яка ваша улюблена начинка для піци?","What pizza topping do you hate?","Яку начинку для піци ви ненавидите?"
"How many hours do you spend on social media daily?","Скільки годин на день ви проводите в соцмережах?","How many hours would you like to spend on social media?","Скільки годин ви хотіли б проводити в соцмережах?"
"Name a childhood toy you loved.","Назвіть улюблену іграшку дитинства.","Name a childhood toy you disliked.","Назвіть іграшку дитинства, яка вам не подобалась."
"What is your favorite type of chocolate?","Який ваш улюблений вид шоколаду?","What type of chocolate do you avoid?","Який вид шоколаду ви уникаєте?"
"How many concerts have you attended?","Скільки концертів ви відвідали?","How many concerts would you like to attend?","Скільки концертів ви хотіли б відвідати?"
"Name a language you find beautiful.","Назвіть мову, яку ви вважаєте красивою.","Name a language you find difficult.","Назвіть мову, яку ви вважаєте складною."
"What is your favorite way to spend a weekend?","Який ваш улюблений спосіб провести вихідні?","What weekend activity do you dislike?","Яку діяльність на вихідних ви не любите?"
"How many books do you read per year?","Скільки книг ви читаєте на рік?","How many books would you like to read per year?","Скільки книг ви хотіли б читати на рік?"
"Name a guilty pleasure snack.","Назвіть улюблену закуску з почуттям провини.","Name a healthy snack you enjoy.","Назвіть корисну закуску, яка вам подобається."
"What is your favorite superhero?","Хто ваш улюблений супергерой?","Who is the best person in your life?","Хто найкраща людина у вашому житті?"
"Ideal age to lose virginity?","Ідеальний вік для втрати цноти?","Perfect number of people at a party?","Ідеальна кількість людей на вечірці?"
"Favorite comfort food?","Улюблена комфортна їжа?","Food you absolutely hate?","Їжа, яку ти абсолютно ненавидиш?"
"Best pizza topping?","Найкращий топінг для піци?","Worst pizza topping?","Найгірший топінг для піци?"
"Go-to drink on a night out?","Напій для вечірки?","Drink you'd never order?","Напій, який би ти ніколи не замовив?"
"Ideal breakfast food?","Ідеальна їжа для сніданку?","Ideal midnight snack?","Ідеальний перекус опівночі?"
"Song that makes you dance?","Пісня, що змушує танцювати?","Song that makes you cry?","Пісня, що змушує плакати?"
"Favorite music genre?","Улюблений музичний жанр?","Most overrated music genre?","Найбільш переоцінений музичний жанр?"
"Concert you'd love to attend?","Концерт, який би ти хотів відвідати?","Artist you'd never pay for?","Артист, за якого б ти ніколи не заплатив?"
"Favorite movie villain?","Улюблений кінолиходій?","Favorite movie hero?","Улюблений кіногерой?"
"TV show you binge-watched?","Серіал, який ти дивився запоєм?","TV show you quit watching?","Серіал, який ти кинув дивитись?"
"Movie that scared you most?","Фільм, що налякав тебе найбільше?","Movie that made you laugh hardest?","Фільм, що розсмішив тебе найбільше?"
"Ideal way to spend Saturday?","Ідеальний спосіб провести суботу?","Most boring weekend activity?","Найнудніше заняття на вихідних?"
"Hobby you'd love to try?","Хобі, яке б ти хотів спробувати?","Hobby you find pointless?","Хобі, яке ти вважаєш безглуздим?"
"Favorite type of vacation?","Улюблений тип відпустки?","Worst travel experience destination?","Місце з найгіршим досвідом подорожі?"
"Superpower you would choose?","Яку б суперсилу ти обрав?","Most useless superpower imaginable?","Найбезглуздіша суперсила, яку можна уявити?"
"If reincarnated, what animal?","Якби реінкарнувався, то якою твариною?","Animal you are most scared of?","Тварина, якої ти боїшся найбільше?"
"What historical period to visit?","Який історичний період відвідати?","Period you'd least want to live in?","Період, в якому ти найменше хотів би жити?"
"Your lucky number?","Твоє щасливе число?","Unluckiest number for you?","Найнещасливіше число для тебе?"
"Ideal number of kids?","Ідеальна кількість дітей?","Ideal number of pets?","Ідеальна кількість домашніх тварин?"
"Perfect room temperature (Celsius)?","Ідеальна кімнатна температура (Цельсій)?","How many alarms to wake up?","Скільки будильників, щоб прокинутися?"
"Age you felt happiest?","Вік, коли ти почувався найщасливішим?","Age you'd like to retire?","Вік, у якому ти хотів би вийти на пенсію?"
"Person who inspires you most?","Людина, яка надихає тебе найбільше?","Celebrity you find annoying?","Знаменитість, яка тебе дратує?"
"Funniest person you know?","Найкумедніша людина, яку ти знаєш?","Fictional character you relate to?","Вигаданий персонаж, з яким ти себе асоціюєш?"
"Best quality in a friend?","Найкраща риса у друга?","Worst quality in a partner?","Найгірша риса у партнера?"
"Dream city to live in?","Місто мрії для життя?","Place you'd never visit again?","Місце, куди б ти ніколи не повернувся?"
"Favorite spot in your home?","Улюблене місце у твоєму домі?","Place you go to relax?","Місце, куди ти йдеш відпочити?"
"Favorite color?","Улюблений колір?","Color you dislike most?","Колір, який тобі найбільше не подобається?"
"Cats or dogs?","Коти чи собаки?","Coffee or tea?","Кава чи чай?"
"Early bird or night owl?","Жайворонок чи сова?","Sweet or savory snacks?","Солодкі чи солоні закуски?"
"What smell brings back memories?","Який запах повертає спогади?","A smell you can't stand?","Запах, який ти не можеш терпіти?"
"Talent you wish you had?","Талант, який ти хотів би мати?","Skill you're proudest of?","Навичка, якою ти найбільше пишаєшся?"
"Ideal job title?","Ідеальна назва посади?","Worst chore at home?","Найгірша хатня робота?"
"Beach or mountains?","Пляж чи гори?","City break or countryside?","Відпочинок у місті чи за містом?"
"Book that changed your life?","Книга, що змінила твоє життя?","Movie you've rewatched most?","Фільм, який ти передивлявся найчастіше?"
"Favorite season?","Улюблена пора року?","Least favorite type of weather?","Найменш улюблений тип погоди?"
"Weirdest thing you've ever eaten?","Найдивніша річ, яку ти коли-небудь їв?","Food you crave right now?","Їжа, якої тобі зараз хочеться?"
"Clothing item you wear most?","Предмет одягу, який ти носиш найчастіше?","Fashion trend you hate?","Модний тренд, який ти ненавидиш?"
"What makes you laugh instantly?","Що миттєво викликає у тебе сміх?","What annoys you quickly?","Що швидко тебе дратує?"
"Ideal first date activity?","Ідеальне заняття для першого побачення?","Biggest relationship dealbreaker?","Найбільша причина розриву стосунків?"
"Favorite board game?","Улюблена настільна гра?","Sport you enjoy watching most?","Спорт, який тобі найбільше подобається дивитися?"
"Best gift you ever received?","Найкращий подарунок, який ти коли-небудь отримував?","Gift you'd love to get?","Подарунок, який ти хотів би отримати?"
"Childhood nickname you disliked?","Дитяче прізвисько, яке тобі не подобалося?","Name you wish you had?","Ім'я, яке ти хотів би мати?"
"Subject you liked most school?","Предмет, який тобі найбільше подобався в школі?","Subject you hated most school?","Предмет, який ти найбільше ненавидів у школі?"
"How many unread emails now?","Скільки у тебе зараз непрочитаних листів?","Ideal hours of sleep per night?","Ідеальна кількість годин сну на добу?"
"Favorite type of flower?","Улюблений вид квітів?","Plant you struggle to keep alive?","Рослина, яку тобі важко зберегти живою?"
"Most used emoji?","Найбільш використовуваний емодзі?","App you couldn't live without?","Додаток, без якого ти не міг би жити?"
"Thing you procrastinate on most?","Справа, яку ти найчастіше відкладаєш?","Thing you are most organized about?","Справа, в якій ти найбільш організований?"
"Ocean or swimming pool?","Океан чи басейн?","Reading a book or watching TV?","Читати книгу чи дивитися телевізор?"
"Favorite cartoon character?","Улюблений мультиплікаційний персонаж?","Celebrity crush (current or past)?","Закоханість у знаменитість (теперішня чи минула)?"
"Best way to de-stress?","Найкращий спосіб зняти стрес?","What are you worrying about now?","Про що ти зараз хвилюєшся?"
"Your go-to dance move?","Твій коронний танцювальний рух?","Something you always forget?","Щось, що ти завжди забуваєш?"
"What's your guilty pleasure snack?","Яка їжа є вашим провінним задоволенням?","What snack would you never eat again?","Яку закуску ви більше ніколи не з’їсте?"
"Best way to spend a rainy day?","Як найкраще провести дощовий день?","Worst way to spend a birthday?","Який найгірший спосіб відзначити день народження?"
"Ideal temperature for a vacation?","Яка ідеальна температура для відпустки?","Perfect number of pillows on a bed?","Яка ідеальна кількість подушок на ліжку?"
"Favorite childhood cartoon?","Ваш улюблений мультфільм з дитинства?","Most annoying TV show?","Найдратівливіше телешоу?"
"Dream travel destination?","Мрійова подорож?","Place you'd never visit?","Місце, яке ви ніколи не відвідаєте?"
"Your go-to karaoke song?","Яку пісню ви завжди співаєте в караоке?","Song that makes you leave a party?","Пісня, через яку ви підете з вечірки?"
"Best fictional character to date?","Найкращий вигаданий персонаж для побачення?","Worst movie villain ever?","Найгірший кіно-лиходій усіх часів?"
"Perfect number of selfies per day?","Ідеальна кількість селфі на день?","Maximum acceptable toilet paper sheets?","Максимальна прийнятна кількість аркушів туалетного паперу?"
"Favorite smell in the world?","Ваш улюблений запах у світі?","Smell you can't stand?","Запах, який ви не переносите?"
"Your ideal superpower?","Ваша ідеальна суперсила?","Most useless superpower?","Наймарніша суперсила?"
"Best time to wake up?","Найкращий час для пробудження?","Worst time for a phone call?","Найгірший час для телефонного дзвінка?"
"Animal you'd be for a day?","Тварина, якою ви б побули один день?","Insect you'd erase from Earth?","Комаха, яку ви б знищили на Землі?"
"Perfect pizza topping?","Ідеальна начинка для піци?","Topping that ruins pizza?","Начинка, яка руйнує піцу?"
"Your zombie apocalypse weapon?","Яка зброя у вас буде під час зомбі-апокаліпсису?","Worst tool for cooking?","Найгірший інструмент для приготування їжі?"
"Number of unread emails you tolerate?","Скільки непрочитаних листів ви терпите?","Ideal number of shoes to own?","Ідеальна кількість взуття для володіння?"
"Your superhero name based on your pet?","Ваше супергеройське ім’я на основі улюбленця?","Villain name based on your boss?","Ім’я лиходія на основі вашого боса?"
"Favorite way to waste time?","Улюблений спосіб марнувати час?","Activity that makes time fly?","Діяльність, через яку час летить?"
"Best thing about winter?","Найкраще в зимі?","Worst thing about summer?","Найгірше в літі?"
"Ideal number of children?","Ідеальна кількість дітей?","Perfect number of ex-partners?","Ідеальна кількість колишніх партнерів?"
"Your spirit vegetable?","Ваша овочева тотемна тварина?","Your car alter ego?","Ваша автомобільна альтер-его?"
"Best dance move?","Найкращий танцювальний рух?","Worst exercise to attempt?","Найгірша вправа для спроби?"
"Perfect shower temperature?","Ідеальна температура душу?","Worst coffee temperature?","Найгірша температура кави?"
"Your phone's most used emoji?","Найчастіше використовуваний емодзі у вашому телефоні?","Emoji you never use?","Емодзі, яке ви ніколи не використовуєте?"
"Best fictional universe to live in?","Найкращий вигаданий всесвіт для життя?","Worst fictional job to have?","Найгірша вигадана робота?"
"Your ideal funeral song?","Пісня для вашого ідеального похорону?","Worst wedding entrance song?","Найгірша пісня для входу на весілля?"
"Perfect number of Instagram posts?","Ідеальна кількість постів в Instagram?","Maximum acceptable cat photos?","Максимальна прийнятна кількість фото котів?"
"Best smell for a first date?","Найкращий запах для першого побачення?","Worst cologne/perfume ever?","Найгірший одеколон/парфуми усіх часів?"
"Your ideal robot servant name?","Ідеальне ім’я для робота-слуги?","Worst name for a pet fish?","Найгірше ім’я для рибки-вихованця?"
"Best way to start a Monday?","Найкращий спосіб почати понеділок?","Worst way to end a Friday?","Найгірший спосіб закінчити п’ятницю?"
"Your celebrity lookalike?","Знаменитість, на яку ви схожі?","Historical figure you resemble?","Історична постать, на яку ви схожі?"
"Perfect number of social media friends?","Ідеальна кількість друзів у соцмережах?","Maximum acceptable spam emails?","Максимальна прийнятна кількість спам-листів?"
"Best flavor for lip balm?","Найкращий смак для бальзаму для губ?","Worst ice cream flavor?","Найгірший смак морозива?"
"Your ideal crime to commit?","Ваше ідеальне злочинство?","Perfect alibi for being late?","Ідеальне алібі для запізнення?"
"Best thing to whisper in an elevator?","Найкраще, що можна прошепотіти в ліфті?","Worst thing to say on a date?","Найгірше, що можна сказати на побаченні?"
"Your zombie survival score (1-10)?","Ваш рівень готовності до зомбі-апокаліпсису (1-10)?","Your cooking skills rating (1-10)?","Ваш рівень кулінарних навичок (1-10)?"
"Best fictional character to marry?","Найкращий вигаданий персонаж для одруження?","Worst fictional roommate?","Найгірший вигаданий сусід по кімнаті?"
"Perfect number of daily coffees?","Ідеальна кількість кави на день?","Maximum acceptable daily selfies?","Максимальна прийнятна кількість селфі на день?"
"Your secret talent?","Ваш талант, про який ніхто не знає?","Most useless skill?","Наймарніша навичка?"
"Best thing to shout in traffic?","Найкраще, що можна викрикнути в пробці?","Worst thing to whisper in a library?","Найгірше, що можна прошепотіти в бібліотеці?"
"Your ideal spy gadget?","Ваш ідеальний шпигунський гаджет?","Worst kitchen utensil?","Найгірший кухонний прилад?"
"Best way to describe your ex?","Найкращий спосіб описати вашу колишню?","Worst way to describe your mom?","Найгірший спосіб описати вашу маму?"
"Perfect number of daily hugs?","Ідеальна кількість обіймів на день?","Maximum acceptable handshakes?","Максимальна прийнятна кількість рукостискань?"
"Your ghost name?","Ваше ім’я привида?","Alien species nickname?","Прізвисько інопланетного виду?"
"Best thing about being your age?","Найкраще у вашому віці?","Worst part of adulthood?","Найгірше в дорослому житті?"
"How many pairs of shoes do you own?","Скільки пар взуття маєш?","How many apps are on your phone?","Скільки додатків на твоєму телефоні?"
"How many countries have you visited?","Скільки країн ти відвідав(ла)?","How many cities did you visit last year?","Скільки міст ти відвідав(ла) минулого року?"
"How many coffees/teas do you drink per day?","Скільки кави/чаю п'єш на день?","How many glasses of water per day?","Скільки склянок води п'єш на день?"
"How many alarms do you set to wake up?","Скільки будильників ти ставиш, щоб прокинутися?","How many times do you usually hit snooze?","Скільки разів ти зазвичай натискаєш 'відкласти'?"
"How many siblings do you have?","Скільки у тебе братів/сестер?","How many close friends do you have?","Скільки у тебе близьких друзів?"
"How many books did you read last year?","Скільки книг ти прочитав(ла) минулого року?","How many movies did you watch last month?","Скільки фільмів ти подивився(лась) минулого місяця?"
"How many plants are currently alive at home?","Скільки живих рослин у тебе вдома зараз?","How many failed plant attempts have you had?","Скільки невдалих спроб виростити рослини у тебе було?"
"How many streaming subscriptions do you have?","Скільки стрімінгових підписок ти маєш?","How many social media accounts do you have?","Скільки акаунтів у соцмережах ти маєш?"
"How many unread emails in your main inbox?","Скільки непрочитаних листів у твоїй основній скриньці?","How many tabs are open in your browser now?","Скільки вкладок відкрито у твоєму браузері зараз?"
"Rate your cooking skills (1-10)?","Оціни свої кулінарні навички (1-10)?","Rate your dancing skills (1-10)?","Оціни свої танцювальні навички (1-10)?"
"Rate pineapple on pizza (1-10)?","Оціни ананас на піці (1-10)?","Rate your enjoyment of horror movies (1-10)?","Оціни своє задоволення від фільмів жахів (1-10)?"
"Rate your current mood (1-10)?","Оціни свій поточний настрій (1-10)?","Rate your sense of humor (1-10)?","Оціни своє почуття гумору (1-10)?"
"How patient are you (1-10)?","Наскільки ти терплячий(а) (1-10)?","How adventurous are you (1-10)?","Наскільки ти авантюрний(а) (1-10)?"
"Rate your 'morning person' level (1-10)?","Оціни свій рівень 'жайворонка' (1-10)?","Rate your tech savviness (1-10)?","Оціни свою технічну підкованість (1-10)?"
"Ideal age to get married?","Ідеальний вік для одруження?","Ideal age to retire?","Ідеальний вік для виходу на пенсію?"
"At what age did you learn to ride a bike?","У якому віці ти навчився(лась) їздити на велосипеді?","Age of your first kiss?","Вік твого першого поцілунку?"
"What age do you feel right now?","На скільки років ти почуваєшся зараз?","What age do you wish you were?","Скільки років ти хотів(ла) б мати?"
"Perfect age for a puppy (in weeks)?","Ідеальний вік для цуценяти (у тижнях)?","At what age did you get your first pet?","У скільки років у тебе з'явився перший домашній улюбленець?"
"Ideal nap duration (in minutes)?","Ідеальна тривалість денного сну (у хвилинах)?","Average time getting ready (in minutes)?","Середній час на збори (у хвилинах)?"
"Perfect movie length (in hours)?","Ідеальна тривалість фільму (у годинах)?","Longest you've stayed awake (in hours)?","Найдовше, скільки ти не спав(ла) (у годинах)?"
"How many hours did you sleep last night?","Скільки годин ти спав(ла) минулої ночі?","Ideal hours of sleep per night?","Ідеальна кількість годин сну на добу?"
"What hour did you wake up today?","О котрій годині ти прокинувся(лась) сьогодні?","What hour do you usually go to sleep?","О котрій годині ти зазвичай лягаєш спати?"
"How many minutes late are you usually?","На скільки хвилин ти зазвичай запізнюєшся?","How many minutes early for appointments usually?","На скільки хвилин раніше ти зазвичай приходиш на зустрічі?"
"Ideal room temperature (°C)?","Ідеальна кімнатна температура (°C)?","Ideal outdoor temperature for a walk (°C)?","Ідеальна температура для прогулянки надворі (°C)?"
"Perfect number of people at a party?","Ідеальна кількість людей на вечірці?","Maximum guests you'd host comfortably?","Максимум гостей, яких ти комфортно приймеш?"
"Ideal amount (currency units) for a birthday gift?","Ідеальна сума (одиниці валюти) на подарунок на день народження?","Maximum units you'd spend on a concert ticket?","Максимум одиниць, який би ти витратив(ла) на квиток на концерт?"
"How many pillows are on your bed?","Скільки подушок на твоєму ліжку?","Ideal number of vacation days per year?","Ідеальна кількість днів відпустки на рік?"
"Guess: How many items in your fridge now?","Вгадай: Скільки предметів у твоєму холодильнику зараз?","Guess: How many songs on your main playlist?","Вгадай: Скільки пісень у твоєму основному плейлисті?"
"How many hours were you on your phone yesterday?","Скільки годин ти провів(ла) в телефоні вчора?","How many hours did you watch TV yesterday?","Скільки годин ти дивився(лась) телевізор вчора?"
"How many languages do you speak?","Скількома мовами ти говориш?","How many musical instruments can you play?","На скількох музичних інструментах ти вмієш грати?"
"How many tattoos do you have?","Скільки у тебе татуювань?","How many piercings do you have?","Скільки у тебе пірсингів?"
"What is your lucky number?","Яке твоє щасливе число?","What is your favorite athlete's number?","Який номер твого улюбленого спортсмена?"
"How many times did you hit snooze today?","Скільки разів ти натиснув(ла) 'відкласти' сьогодні?","How many times have you checked your phone today?","Скільки разів ти перевіряв(ла) телефон сьогодні?"
"Ideal number of roommates?","Ідеальна кількість сусідів по кімнаті/квартирі?","Number of different places you have lived?","У скількох різних місцях ти жив(ла)?"
"Rate your spice tolerance (1-10)?","Оціни свою толерантність до гострого (1-10)?","Rate your fear of spiders (1-10)?","Оціни свій страх павуків (1-10)?"
"How many cups of coffee per day is too many?","Скільки чашок кави на день - це вже забагато?","Maximum slices of pizza you can eat?","Максимум шматків піци, які ти можеш з'їсти?"
"How many concerts have you attended ever?","Скільки концертів ти відвідав(ла) за все життя?","How many weddings have you attended ever?","На скількох весіллях ти був(ла) за все життя?"
"Perfect length for a weekend trip (in days)?","Ідеальна тривалість поїздки на вихідні (у днях)?","Longest trip you've ever taken (in days)?","Найдовша твоя подорож (у днях)?"
"How many keys are on your keychain?","Скільки ключів на твоїй зв'язці?","How many credit/debit cards do you have?","Скільки у тебе кредитних/дебетових карток?"
"At what age did you get your driver's license?","У скільки років ти отримав(ла) водійські права?","How many speeding tickets have you ever received?","Скільки штрафів за перевищення швидкості ти коли-небудь отримував(ла)?"
"Rate your fear of public speaking (1-10)?","Оціни свій страх публічних виступів (1-10)?","Rate your enjoyment of rollercoasters (1-10)?","Оціни своє задоволення від американських гірок (1-10)?"
"How many hours a week do you exercise?","Скільки годин на тиждень ти займаєшся спортом?","How many steps did you walk yesterday?","Скільки кроків ти пройшов(ла) вчора?"
"Ideal number of dinner guests?","Ідеальна кількість гостей на вечерю?","How many people are in your immediate family?","Скільки людей у твоїй найближчій родині?"
"How many hours until your usual bedtime?","Скільки годин до твого звичайного часу сну?","Approximately how many days until your birthday?","Приблизно скільки днів до твого дня народження?"
"How many online orders did you place last month?","Скільки онлайн-замовлень ти зробив(ла) минулого місяця?","How many books are currently on your nightstand?","Скільки книг зараз лежить на твоїй тумбочці?"
"Perfect number of toppings on a pizza?","Ідеальна кількість топінгів на піці?","How many ingredients are in your favorite cocktail?","Скільки інгредієнтів у твоєму улюбленому коктейлі?"
"What floor do you live on?","На якому поверсі ти живеш?","How many floors in the tallest building you've visited?","Скільки поверхів у найвищій будівлі, де ти був(ла)?"
"How many times have you moved house?","Скільки разів ти переїжджав(ла)?","How many different jobs have you had?","Скільки різних робіт у тебе було?"
"What temperature do you set your AC to (°C)?","На яку температуру ти ставиш кондиціонер (°C)?","Coldest temperature you've ever experienced (°C)?","Найнижча температура, яку ти коли-небудь відчував(ла) (°C)?"
"Rate your general tidiness (1-10)?","Оціни свою загальну охайність (1-10)?","Rate your punctuality (1-10)?","Оціни свою пунктуальність (1-10)?"
"Ideal hours of sleep per night?","Ідеальна кількість годин сну за ніч?","Maximum cups of coffee per day?","Максимальна кількість чашок кави на день?"
"How many pets is too many?","Скільки тварин – це вже забагато?","Minimum age for owning a phone?","Мінімальний вік для володіння телефоном?"
"Acceptable number of unread emails?","Прийнятна кількість непрочитаних листів?","Maximum days without showering?","Максимальна кількість днів без душу?"
"Ideal number of shoes to own?","Ідеальна кількість взуття для володіння?","Perfect age to get married?","Ідеальний вік для одруження?"
"Phone checks per day?","Скільки разів на день ви перевіряєте телефон?","Maximum snooze button presses?","Максимальна кількість натискань кнопки відкладання будильника?"
"Maximum times to rewear socks?","Максимальна кількість разів носіння одних шкарпеток?","Ideal shower duration (minutes)?","Ідеальна тривалість душу (хвилини)?"
"How many exes is too many?","Скільки колишніх – це вже забагато?","Minimum friends for a good party?","Мінімальна кількість друзів для гарної вечірки?"
"Daily step count goal?","Щоденна цільова кількість кроків?","Maximum internet speed needed (Mbps)?","Максимальна необхідна швидкість інтернету (Мбіт/с)?"
"Ideal age gap with a partner?","Ідеальна різниця у віці з партнером?","Maximum time spent on social media (%)?","Максимальний відсоток часу у соцмережах?"
"How many selfies per week?","Скільки селфі робити на тиждень?","Minimum Instagram posts per month?","Мінімальна кількість постів в Instagram на місяць?"
"Maximum years to keep a phone?","Максимальна кількість років використання телефону?","Ideal TikTok videos per day?","Ідеальна кількість тіктоків на день?"
"Books to read annually?","Скільки книжок читати на рік?","Maximum TV episodes in one sitting?","Максимальна кількість серій за один раз?"
"Ideal number of house plants?","Ідеальна кількість рослин у домі?","Maximum rooms in a dream house?","Максимальна кількість кімнат у мрійному домі?"
"Alarms needed to wake up?","Скільки будильників потрібно для пробудження?","Minimum hours of alone time daily?","Мінімальна кількість годин наодинці щодня?"
"Daily screen time limit (hours)?","Ліміт щоденного екранного часу (години)?","Ideal texts from a crush per day?","Ідеальна кількість повідомлень від симпатії на день?"
"Maximum Netflix episodes in row?","Максимальна кількість серій Netflix поспіль?","Minimum laughs required daily?","Мінімальна кількість сміхів на день?"
"Dates before first kiss?","Скільки побачень перед першим поцілунком?","Maximum simultaneous crushes?","Максимальна кількість одночасних симпатій?"
"Ideal age difference with kids?","Ідеальна різниця у віці з дітьми?","Maximum headphone volume level (1-10)?","Максимальний рівень гучності в навушниках (1-10)?"
"Daily water intake (liters)?","Щоденне споживання води (літри)?","Ideal sugar cubes in tea?","Ідеальна кількість цукру в чаї (кубики)?"
"Years needed to achieve dreams?","Скільки років потрібно для досягнення мрій?","Maximum years at one job?","Максимальна кількість років на одній роботі?"
"Maximum phone-free hours?","Максимальна кількість годин без телефону?","Ideal meals per day?","Ідеальна кількість прийомів їжі на день?"
"How many close friends?","Скільки у вас близьких друзів?","Maximum app notifications per hour?","Максимальна кількість сповіщень за годину?"
"Ideal text response time (minutes)?","Ідеальний час відповіді на повідомлення (хвилини)?","Maximum heart emojis per message?","Максимальна кількість емодзі-сердечок у повідомленні?"
"Languages to learn in lifetime?","Скільки мов вивчити за життя?","Minimum diary entries per week?","Мінімальна кількість записів у щоденнику на тиждень?"
"Maximum social media-free days?","Максимальна кількість днів без соцмереж?","Ideal years spent in education?","Ідеальна кількість років на освіту?"
"Vacations per year?","Скільки відпусток на рік?","Maximum cities to visit in one trip?","Максимальна кількість міст у одній подорожі?"
"Hobbies before it's too many?","Скільки хобі – це вже забагато?","Minimum tools for a hobby?","Мінімальна кількість інструментів для хобі?"
"Daily coffee allowance?","Денний ліміт кави?","Ideal candies per day?","Ідеальна кількість цукерок на день?"
"Maximum gaming hours daily?","Максимальна кількість годин гри на день?","Minimum daily steps for health?","Мінімальна кількість кроків для здоров'я?"
"Years to retire early?","Скільки років до раннього виходу на пенсію?","Ideal bank account balance?","Ідеальна сума на банківському рахунку?"
"Tattoos considered perfect?","Ідеальна кількість татуювань?","Maximum piercings acceptable?","Максимальна прийнятна кількість пірсингів?"
"Times to initiate texting?","Скільки разів починати листування?","Minimum emojis per message?","Мінімальна кількість емодзі у повідомленні?"
"Maximum road trip hours?","Максимальна тривалість автоподорожі (години)?","Ideal rest stops per journey?","Ідеальна кількість зупинок у дорозі?"
"Pairs of jeans owned?","Скільки пар джинсів у вас є?","Maximum t-shirts acceptable?","Максимальна прийнятна кількість футболок?"
"Ideal age to start a family?","Ідеальний вік для створення сім'ї?","Maximum career change age?","Максимальний вік для зміни кар'єри?"
"Daily work hours limit?","Ліміт щоденних робочих годин?","Minimum work breaks needed?","Мінімальна кількість перерв на роботі?"
"Days to eat leftovers?","Скільки днів можна їсти залишки?","Ideal dishes per meal?","Ідеальна кількість страв за прийом їжі?"
"Failures before quitting?","Скільки невдач перед здачею?","Maximum attempts allowed?","Максимальна кількість дозволених спроб?"
"Social media posts per week?","Скільки постів у соцмережах на тиждень?","Maximum hashtags per post?","Максимальна кількість хештегів у пості?"
"Years to live abroad?","Скільки років жити за кордоном?","Minimum languages for travel?","Мінімальна кількість мов для подорожей?"
"Hours without eating?","Скільки годин без їжі?","Ideal snacks per day?","Ідеальна кількість перекусів на день?"
"Apologies per day?","Скільки вибачень на день?","Maximum lifetime apologies?","Максимальна кількість вибачень за життя?"
"Weekly gym visits ideal?","Ідеальна кількість відвідувань спортзалу на тиждень?","Maximum exercises per session?","Максимальна кількість вправ за тренування?"
"Years to master a skill?","Скільки років для оволодіння навичкою?","Minimum lessons needed?","Мінімальна кількість необхідних уроків?"
"Browser tabs open?","Скільки вкладок у браузері?","Ideal bookmarks saved?","Ідеальна кількість збережених закладок?"
"Mirror checks per hour?","Скільки разів на годину дивитися у дзеркало?","Maximum selfies per hour?","Максимальна кількість селфі на годину?"
"Ideal age to buy a house?","Ідеальний вік для купівлі будинку?","Maximum learning age?","Максимальний вік для навчання?"
"Binge-watching session hours?","Скільки годин маратону серіалів?","Minimum episodes for satisfaction?","Мінімальна кількість серій для задоволення?"
"Months to keep a secret?","Скільки місяців зберігати таємницю?","Ideal secrets to know?","Ідеальна кількість відомих таємниць?"
"Partner age difference limit?","Максимальна різниця у віці з партнером?","Maximum friend age gap?","Максимальна різниця у віці з друзями?"
Your favorite ice cream flavor?,Улюблений смак морозива?,Ice cream flavor you'd never try?,"Смак, який ти ніколи не спробуєш?"
A book everyone should read?,"Книга, яку всі мають прочитати?",A book you regret reading?,"Книга, про яку шкодуєш, що прочитав?"
Your most used curse word?,Найчастіше вживане лайливе слово?,A word you never say?,"Слово, яке ти ніколи не кажеш?"
Number of times you've moved?,Скільки разів ти переїжджав?,Number of homes you’ve lived in?,У скількох домівках ти жив?
Something you always carry?,Що ти завжди носиш із собою?,Something you'd never carry?,Що ти ніколи не носив би з собою?
The first thing you do in the morning?,Що ти робиш першим зранку?,The last thing before bed?,Що ти робиш перед сном?
Favorite way to relax?,Улюблений спосіб відпочити?,Activity you find stressful?,"Заняття, яке тебе напружує?"
Your dream job as a kid?,Професія мрії в дитинстві?,Job you'd never do as a kid?,"Професія, яку б ти не хотів у дитинстві?"
A song you secretly love?,"Пісня, яку ти таємно любиш?",Song that drives you crazy?,"Пісня, яка тебе дратує?"
Best place to take a nap?,Найкраще місце для сну?,Worst place to fall asleep?,Найгірше місце для засинання?
Your favorite toy as a kid?,Улюблена іграшка в дитинстві?,Toy you never liked?,"Іграшка, яка тобі не подобалась?"
Number of shoes you own?,Скільки пар взуття в тебе є?,Number of shoes you actually wear?,Скільки пар ти реально носиш?
Favorite holiday tradition?,Улюблена святкова традиція?,Tradition you would skip?,"Традиція, яку б ти пропустив?"
Favorite mode of transport?,Улюблений спосіб пересування?,Transport you try to avoid?,"Транспорт, якого ти уникаєш?"
A language you want to learn?,"Мова, яку ти хочеш вивчити?",Language that sounds weird to you?,"Мова, яка звучить дивно?"
Best thing to eat for breakfast?,"Найкраще, що можна з’їсти на сніданок?",Worst breakfast food?,Найгірша їжа на сніданок?
Best number of vacation days?,Ідеальна кількість днів відпустки?,Fewest days you'd accept?,"Найменша кількість днів, яку б ти прийняв?"
Something you love to collect?,Що ти любиш колекціонувати?,Something you'd never collect?,Що б ти ніколи не колекціонував?
Your dream house location?,Місце для будинку твоєї мрії?,Worst place to live?,Найгірше місце для життя?
Best kind of weather?,Найкраща погода?,Weather that ruins your day?,"Погода, яка псує твій день?"
Favorite type of movie?,Улюблений жанр фільмів?,Movie genre you hate?,"Жанр фільмів, який ти ненавидиш?"
A number that feels lucky?,Щасливе число?,A number that feels cursed?,Прокляте число?
Your favorite relative?,Твій улюблений родич?,Relative who annoys you?,"Родич, який тебе дратує?"
Game you always win?,"Гра, у якій ти завжди перемагаєш?",Game you always lose?,"Гра, у якій ти завжди програєш?"
A habit you’re proud of?,"Звичка, якою ти пишаєшся?",Habit you wish to break?,"Звичка, яку ти хочеш позбутись?"
Favorite childhood memory?,Улюблений спогад з дитинства?,Memory you try to forget?,"Спогад, який ти хочеш забути?"
Your ideal number of pets?,Ідеальна кількість домашніх улюбленців?,Too many pets would be?,Занадто багато тварин — це?
Time of day you love?,"Час доби, який ти любиш?",Time you hate waking up?,"Час доби, коли ти ненавидиш прокидатися?"
A meal you can cook well?,"Страва, яку ти добре готуєш?",Dish you always mess up?,"Страва, яка в тебе не виходить?"
Most fun number of roommates?,Найкраща кількість сусідів по кімнаті?,Too many roommates would be?,Занадто багато сусідів — це?
Your favorite shirt color?,Улюблений колір сорочки?,Color you’d never wear?,"Колір, який ти ніколи не вдягнеш?"
The best month of the year?,Найкращий місяць року?,Worst month of the year?,Найгірший місяць року?
An item you overuse?,"Річ, яку ти надмірно використовуєш?",Item you never touch?,"Річ, яку ти ніколи не використовуєш?"
A gift you want to receive?,"Подарунок, який ти хочеш отримати?",Gift you never want?,"Подарунок, який ти не хочеш отримати?"
An animal you find cute?,"Тварина, яку ти вважаєш милою?",Animal that freaks you out?,"Тварина, яка тебе лякає?"
A food that's always worth the calories?,"Їжа, яка завжди варта калорій?",Food not worth the calories?,"Їжа, яка не варта калорій?"
Number of pillows you use?,Скільки подушок ти використовуєш?,Too many pillows would be?,Занадто багато подушок — це?
Best excuse to skip work?,"Найкраще виправдання, щоб не йти на роботу?",Worst excuse you’ve heard?,"Найгірше виправдання, яке ти чув?"
A sound that relaxes you?,"Звук, що тебе розслабляє?",Sound that stresses you out?,"Звук, що тебе дратує?"
Number of times you hit snooze?,Скільки разів ти тиснеш «відкласти»?,Acceptable number of snoozes?,Допустима кількість «відкладань»?
Your favorite lie to tell?,"Улюблена брехня, яку ти кажеш?",Lie that never works?,"Брехня, яка ніколи не працює?"
A compliment you love?,"Комплімент, який тобі подобається?",Compliment that feels fake?,"Комплімент, що здається фальшивим?"
Favorite smell in a house?,Улюблений запах у домі?,Worst house smell?,Найгірший запах у домі?
A goal you've reached?,"Ціль, якої ти досяг?",Goal you’ve abandoned?,"Ціль, яку ти покинув?"
The best thing to buy used?,Найкраща річ для покупки б/в?,Thing you always buy new?,"Річ, яку ти завжди купуєш новою?"
Your ideal weekend plan?,Ідеальні плани на вихідні?,Weekend plan you'd cancel?,"Плани на вихідні, які б ти скасував?"
"Most embarrassing autocorrect fail?","Найбільш незручний автовиправлений текст?","Funniest misheard song lyric?","Найкумедніше неправильно почутий рядок пісні?"
"Weirdest thing currently in your bag/pockets?","Найдивніша річ зараз у твоїй сумці/кишенях?","Item you absolutely refuse to throw away?","Предмет, який ти категорично відмовляєшся викидати?"
"Silliest reason you've ever cried?","Найбезглуздіша причина, з якої ти коли-небудь плакав(ла)?","Thing you laughed at completely inappropriately?","Ситуація, коли ти абсолютно недоречно сміявся(лась)?"
"Most useless talent you possess?","Найбільш непотрібний талант, який ти маєш?","Skill you often pretend to have?","Навичка, яку ти часто вдаєш, що маєш?"
"Nickname you secretly quite like?","Прізвисько, яке тобі таємно досить подобається?","Nickname you absolutely hated growing up?","Прізвисько, яке ти абсолютно ненавидів(ла) в дитинстві?"
"Your standard go-to excuse for being late?","Твоя стандартна відмазка для запізнення?","Lamest excuse you've ever actually used?","Найбезглуздіша відмазка, яку ти колись реально використовував(ла)?"
"Worst fashion choice from your past?","Найгірший модний вибір з твого минулого?","Fashion trend you secretly wish would return?","Модний тренд, повернення якого ти таємно бажаєш?"
"Weird food combination you genuinely enjoy?","Дивне поєднання їжі, яке тобі щиро подобається?","Song you primarily listen to ironically?","Пісня, яку ти слухаєш переважно іронічно?"
"Strangest place you have ever fallen asleep?","Найдивніше місце, де ти коли-небудь засинав(ла)?","Your ideal (but weird) place for a nap?","Твоє ідеальне (але дивне) місце для денного сну?"
"Which inanimate object do you talk to most often?","До якого неживого об'єкта ти говориш найчастіше?","Your pet's most surprisingly human-like trait?","Найбільш дивовижно людська риса твого домашнього улюбленця?"
"Weirdest thing you actively collect (or collected)?","Найдивніша річ, яку ти активно колекціонуєш (або колекціонував(ла))?","Everyday item you have way too many of?","Побутовий предмет, якого у тебе занадто багато?"
"Your ultimate 'guilty pleasure' TV show?","Твій найбільший 'гріховний' телесеріал?","Show you publicly mock but secretly watch?","Серіал, який ти публічно висміюєш, але таємно дивишся?"
"Which cartoon character would make the best president?","Який мультперсонаж став би найкращим президентом?","Which celebrity would best survive a zombie apocalypse?","Яка знаменитість найкраще переживе зомбі-апокаліпсис?"
"If animals could talk, which species would be rudest?","Якби тварини могли говорити, який вид був би найгрубішим?","Which animal species would give the best life advice?","Який вид тварин давав би найкращу життєву пораду?"
"Fight: one horse-sized duck or 100 duck-sized horses?","Бій: одна качка розміром з коня чи 100 коней розміром з качку?","Better superpower: perfect parking spot always, or free Wi-Fi anywhere?","Яка суперсила краща: завжди ідеальне місце для паркування чи безкоштовний Wi-Fi будь-де?"
"Most mundane everyday task you'd use magic for?","Найбільш буденне щоденне завдання, для якого ти б використав(ла) магію?","Worst household chore to do *with* superpowers?","Найгірша хатня робота, яку довелося б робити *з* суперсилами?"
"Stranded on a desert island: worst fictional character companion?","Застряг(ла) на безлюдному острові: найгірший вигаданий персонаж-компаньйон?","Which fictional character would you actually want as a roommate?","Якого вигаданого персонажа ти справді хотів(ла) би мати сусідом?"
"What is your most irrational fear?","Який твій найбільш ірраціональний страх?","What is the most annoying sound in the entire world?","Який найбільш дратівливий звук у цілому світі?"
"What type of person do you actively avoid at parties?","Якого типу людей ти активно уникаєш на вечірках?","Which social media trend completely baffles you?","Який тренд у соцмережах тебе абсолютно спантеличує?"
"What food texture do you absolutely despise?","Яку текстуру їжі ти абсолютно зневажаєш?","What clothing material makes your skin crawl?","Який матеріал одягу викликає у тебе мурашки по шкірі?"
"Funniest thing you firmly believed as a child?","Найкумедніша річ, у яку ти твердо вірив(ла) в дитинстві?","Most ridiculous childhood ambition you remember having?","Найбезглуздіша дитяча амбіція, яку ти пам'ятаєш?"
"Toy you desperately wanted as a kid but never got?","Іграшка, яку ти відчайдушно хотів(ла) в дитинстві, але так і не отримав(ла)?","Lamest toy you secretly absolutely loved as a kid?","Найбезглуздіша іграшка, яку ти таємно обожнював(ла) у дитинстві?"
"Your most cringeworthy old screen name or email address?","Твій найкрінжовіший старий нікнейм або адреса електронної пошти?","Who was your very first celebrity crush?","Хто був твоєю найпершою закоханістю у знаменитість?"
"What object do you constantly misplace or lose?","Який предмет ти постійно кладеш не туди або губиш?","What do you hoard completely unnecessarily?","Що ти накопичуєш абсолютно без потреби?"
"What is the most overrated 'adulting' task?","Яке найбільш переоцінене 'доросле' завдання?","What is the most underrated simple pleasure in life?","Яке найбільш недооцінене просте задоволення в житті?"
"Worst piece of advice you have ever received?","Найгірша порада, яку ти коли-небудь отримував(ла)?","Best piece of absolutely terrible advice you've heard?","Найкраща з абсолютно жахливих порад, які ти чув(ла)?"
"Name a movie sequel that absolutely should not exist.","Назви сиквел фільму, який абсолютно не мав існувати.","Name a book that desperately needs a movie adaptation.","Назви книгу, яка відчайдушно потребує екранізації."
"What simple task are you hilariously bad at doing?","Яке просте завдання ти виконуєш кумедно погано?","What unexpected skill are you surprisingly good at?","Якою несподіваною навичкою ти напрочуд добре володієш?"
"Which song instantly ruins your mood?","Яка пісня миттєво псує твій настрій?","Which song title perfectly describes your current life phase?","Яка назва пісні ідеально описує твій поточний життєвий етап?"
"What common phrase or saying really annoys you?","Яка поширена фраза чи вислів тебе справді дратує?","What popular slang word do you absolutely refuse to use?","Яке популярне сленгове слово ти категорично відмовляєшся використовувати?"
"If your pet hosted a party, what kind would it be?","Якби твій улюбленець влаштовував вечірку, яку саме?","If your pet had a catchphrase, what would it be?","Якби у твого улюбленця була коронна фраза, якою б вона була?"
"What is your go-to 'panic' meal to cook?","Яка твоя 'панічна' страва для швидкого готування?","Weirdest thing you have ever eaten just to be polite?","Найдивніша річ, яку ти коли-небудь їв(ла) просто з ввічливості?"
"Most embarrassing thing your parents still say or do?","Найбільш незручна річ, яку твої батьки все ще говорять або роблять?","Funniest family inside joke (that's briefly explainable)?","Найкумедніший сімейний жарт (який можна коротко пояснити)?"
"What common movie trope annoys you the most?","Який поширений кіношний штамп дратує тебе найбільше?","What specific movie scene always makes you laugh out loud?","Яка конкретна сцена з фільму завжди змушує тебе голосно сміятися?"
"If you came with a warning label, what would it say?","Якби ти йшов(ла) з попереджувальною етикеткою, що б на ній було написано?","What is your personal 'low battery' warning sign?","Який твій особистий попереджувальний знак 'низького заряду батареї'?"
"Thing you learned embarrassingly late in life?","Річ, про яку ти дізнався(лась) ганебно пізно в житті?","Piece of common knowledge that still surprises you?","Частина загальновідомих знань, яка все ще тебе дивує?"
"What popular activity looks fun but is actually terrible?","Яке популярне заняття виглядає веселим, але насправді жахливе?","What generally disliked activity do you secretly enjoy?","Яке загалом нелюбиме заняття тобі таємно подобається?"
"What is your most frequent 'oops' or minor accident?","Який твій найчастіший 'ой' або дрібний інцидент?","What is your signature clumsy move?","Який твій фірмовий незграбний рух?"
"Most ridiculous impulse purchase you've ever made?","Найбезглуздіша імпульсивна покупка, яку ти коли-небудь робив(ла)?","Item you bought entirely because of an influencer/ad?","Предмет, який ти купив(ла) виключно через інфлюенсера/рекламу?"
"If your life was a reality TV show, what's the title?","Якби твоє життя було реаліті-шоу, яка була б його назва?","Which actor (realistically) would play you in a movie?","Який актор (реалістично) зіграв би тебе у фільмі?"
"Weirdest compliment you have ever received?","Найдивніший комплімент, який ти коли-небудь отримував(ла)?","Funniest (but harmless) insult you've ever heard?","Найкумедніша (але нешкідлива) образа, яку ти коли-небудь чув(ла)?"
"What surface in your house is always mysteriously sticky?","Яка поверхня у твоєму домі завжди таємничим чином липка?","What normal house sound sometimes creeps you out?","Який звичайний домашній звук іноді тебе лякає?"
"What is the most overrated holiday tradition?","Яка найбільш переоцінена святкова традиція?","Which popular holiday food do you secretly dislike?","Яка популярна святкова страва тобі таємно не подобається?"
"Which fictional technology do you wish was real the most?","Яку вигадану технологію ти найбільше хотів(ла) б мати в реальності?","What piece of real technology still feels like magic/sci-fi?","Яка реальна технологія все ще здається магією/науковою фантастикою?"
"What's your ultimate 'I need comfort' movie or TV show?","Який твій головний фільм або серіал 'для комфорту'?","Which movie or TV show makes you feel unreasonably angry?","Який фільм або серіал викликає у тебе необґрунтовану злість?"
"What wildly popular thing do you just not understand the appeal of?","Шалено популярна річ, привабливості якої ти просто не розумієш?","What extremely niche thing are you borderline obsessed with?","Якою надзвичайно нішевою річчю ти майже одержимий(а)?"
"What silly mistake do you find yourself making repeatedly?","Яку безглузду помилку ти постійно робиш?","What 'life hack' did you learn that actually changed things?","Який 'лайфхак' ти вивчив(ла), що справді змінив ситуацію?"
"What's your personal theme song for getting through Mondays?","Яка твоя особиста 'тематична пісня' для переживання понеділків?","What song plays in your head during your personal 'success' moments?","Яка пісня грає у твоїй голові під час твоїх особистих моментів 'успіху'?"
"Weirdest dream you can recall in some detail?","Найдивніший сон, який ти можеш пригадати в деяких деталях?","What is a recurring dream theme or element you've had?","Яка тема або елемент сну, що повторюється, у тебе був(ла)?"
"If you met your past self, what one funny warning would you give?","Якби ти зустрів(ла) себе в минулому, яке одне смішне попередження ти б дав(ла)?","What's one funny prediction you'd make for your future self?","Яке одне смішне передбачення ти б зробив(ла) для себе в майбутньому?"
Favorite board game?,Улюблена настільна гра?,Board game you'd avoid?,"Настільна гра, якої ти уникаєш?"
Preferred pizza crust?,Уподобаний тип коржа для піци?,Pizza topping you hate?,"Начинка для піци, яку ти ненавидиш?"
Ideal bedtime hour?,Ідеальний час для сну?,Wake-up time you dread?,"Час прокидання, якого ти боїшся?"
Your morning beverage?,Твій ранковий напій?,Evening drink you dislike?,"Вечірній напій, який тобі не подобається?"
A social media you love?,"Соцмережа, яку ти любиш?",A social media you ignore?,"Соцмережа, яку ти ігноруєш?"
Favorite workout type?,Улюблений вид тренування?,Exercise you avoid?,"Вправа, якої ти уникаєш?"
Movie snack of choice?,Закуска для фільмів?,Snack you never eat?,"Закуска, яку ти ніколи не їси?"
Ideal vacation length?,Ідеальна тривалість відпустки?,Shortest trip you've taken?,"Найкоротша поїздка, яку ти робив?"
Coffee order?,Замовлення кави?,Tea type you dislike?,"Вид чаю, який тобі не подобається?"
Favorite workout time?,Улюблений час для тренування?,Worst time to train?,Найгірший час для тренування?
Go-to comfort movie?,Улюблений фільм-прирадник?,Movie you can't finish?,"Фільм, який ти не можеш подивитися до кінця?"
Favorite cereal?,Улюблені пластівці?,Cereal you refuse?,"Пластівці, які ти відмовляєшся їсти?"
A superpower you'd want?,"Суперсила, яку ти б хотів?",Superpower you fear?,"Суперсила, якої ти боїшся?"
Best way to spend money?,Найкращий спосіб витратити гроші?,Worst purchase you've made?,"Найгірша покупка, яку ти зробив?"
Favorite flower?,Улюблена квітка?,Flower you find ugly?,"Квітка, яку ти вважаєш некрасивою?"
A hobby you spent money on?,"Хобі, на яке ти витрачаєш гроші?",Hobby you think is a waste?,"Хобі, яке, на твою думку, є марною тратою?"
Ideal dress code?,Ідеальний дрес-код?,Dress code you hate?,"Дрес-код, який ти ненавидиш?"
Favorite hat style?,Улюблений стиль капелюха?,Hat you'd never wear?,"Капелюх, який ти ніколи не одягнеш?"
Your go-to joke?,Улюблена твоя жарт?,Joke that falls flat?,"Жарт, яка не розсмішує?"
Best place for dessert?,Найкраще місце для десерту?,Dessert spot you'd avoid?,"Місце для десерту, якого ти уникаєш?"
Favorite USB gadget?,Улюблений USB ґаджет?,USB device you never use?,"Пристрій, який ти ніколи не використовуєш?"
App you use daily?,"Додаток, яким ти користуєшся щодня?",App you deleted?,"Додаток, який ти видалив?"
Your lucky charm?,Твій талісман?,Item you consider unlucky?,"Річ, яку ти вважаєш нещасливою?"
Preferred phone case?,Уподобаний чохол для телефона?,Case material you dislike?,"Матеріал чохла, який тобі не подобається?"
Favorite breakfast cereal?,Улюблені сніданкові пластівці?,Breakfast you skip?,"Сніданок, який ти пропускаєш?"
Best way to relax outdoors?,Найкращий спосіб відпочити на природі?,Outdoor activity you hate?,"Заняття на природі, яке ти ненавидиш?"
Favorite ice breaker game?,Улюблена гра-руйнівник морозу?,Ice breaker you find awkward?,"Гра, що створює ніяковість?"
Your dream concert?,Концерт твоєї мрії?,Concert you'd never attend?,"Концерт, на який ти ніколи не підеш?"
Best way to spend a Sunday?,Найкращий спосіб провести неділю?,Sunday activity you dislike?,"Заняття у неділю, яке тобі не подобається?"
Favorite cheese type?,Улюблений вид сиру?,Cheese you refuse to eat?,"Сир, який ти відмовляєшся їсти?"
Your lucky number?,Твоє щасливе число?,Number you avoid?,"Число, якого ти уникаєш?"
Ideal shower length?,Ідеальна тривалість душу?,Shower habit you dislike?,"Звичка у душі, яка тобі не подобається?"
Your favorite emoji combination?,Улюблена комбінація емодзі?,Emoji you never send?,"Емодзі, яке ти ніколи не надсилаєш?"
Preferred snack time?,Уподобаний час для перекусу?,Time you never eat?,"Час, коли ти ніколи не їси?"
Best way to commute?,Найкращий спосіб добиратися?,Commute you dread?,"Поїздка, яку ти боїшся?"
Favorite sweater style?,Улюблений стиль светра?,Clothing you never wear?,"Одяг, який ти ніколи не вдягаєш?"
Ideal number of apps on home screen?,Ідеальна кількість додатків на головному екрані?,Maximum apps you can handle?,"Максимум додатків, які ти витримуєш?"
Favorite childhood snack?,Улюблена дитяча закуска?,Snack you hated as a child?,"Закуска, яку ти ненавидів у дитинстві?"
Your dream dessert?,Десерт твоєї мрії?,Dessert you dislike?,"Десерт, який тобі не подобається?"
Preferred social event?,Уподобана соціальна подія?,Event you avoid?,"Подія, якої ти уникаєш?"
Favorite hoodie color?,Улюблений колір худі?,Hoodie color you hate?,"Колір худі, який ти ненавидиш?"
Best way to spend $10?,Найкращий спосіб витратити 10 доларів?,Worst purchase for $10?,Найгірша покупка за 10 доларів?
Ideal phone battery level?,Ідеальний рівень заряду телефону?,Battery level you panic at?,"Рівень заряду, при якому ти панікуєш?"
Favorite holiday to celebrate?,Улюблене свято для святкування?,Holiday you ignore?,"Свято, яке ти ігноруєш?"
Your go-to excuse to be late?,Улюблене виправдання запізнення?,Excuse to be late that never works?,"Виправдання, яке ніколи не працює?"
